"INDICATOR","HFA_387"

"HFA_387","Incidence of mental disorders per 100 000"

"UNIT_TYPE","Unit"
"CASES_100K","cases per 100 000 population"

"EXTERNID","ID in the originating data source"

"DATA_SOURCE","Data source"
"HFA","European Health for All database"

"DATA_TYPE_REPRESENTATION","Data type representation"
"RATIO","Ratio"

"DATA_SET","Data set"
"HFA","European Health for All database (WHO)"

"DATA_MASK","Mask for controlling the output format of values"

"SEX","Sex"
"FEMALE","Female"
"MALE","Male"
"ALL","All"

"COUNTRY","COUNTRY_GRP","SEX","YEAR","VALUE"
"ARM","","ALL","1980","87.82"
"ARM","","ALL","1981","109.55"
"ARM","","ALL","1982","70.58"
"ARM","","ALL","1983","82.72"
"ARM","","ALL","1984","76.44"
"ARM","","ALL","1985","67.15"
"ARM","","ALL","1986","82.13"
"ARM","","ALL","1987","80.15"
"ARM","","ALL","1988","59.84"
"ARM","","ALL","1989","50.93"
"ARM","","ALL","1990","93.03"
"ARM","","ALL","1991","45.16"
"ARM","","ALL","1992","55.95"
"ARM","","ALL","1993","67.24"
"ARM","","ALL","1994","48.26"
"ARM","","ALL","1995","37.24"
"ARM","","ALL","1996","46.63"
"ARM","","ALL","1997","40.17"
"ARM","","ALL","1998","46.45"
"ARM","","ALL","1999","46.87"
"ARM","","ALL","2000","39.82"
"ARM","","ALL","2001","40.77"
"ARM","","ALL","2002","43.92"
"ARM","","ALL","2003","47.89"
"ARM","","ALL","2004","61.6"
"ARM","","ALL","2005","77.73"
"ARM","","ALL","2006","78.05"
"ARM","","ALL","2007","73.95"
"ARM","","ALL","2008","77.15"
"ARM","","ALL","2009","82.9"
"ARM","","ALL","2010","108.97"
"ARM","","ALL","2011","90.44"
"ARM","","ALL","2012","98.21"
"ARM","","ALL","2013","89.28"
"ARM","","ALL","2014","59.48"
"ARM","","ALL","2015","64.98"
"ARM","","ALL","2016","55.58"
"ARM","","ALL","2017","85.89"
"ARM","","ALL","2018","65.04"
"ARM","","ALL","2019","73.69"
"AZE","","ALL","1990","54.87"
"AZE","","ALL","1991","48.22"
"AZE","","ALL","1992","55.36"
"AZE","","ALL","1993","62.04"
"AZE","","ALL","1994","36.58"
"AZE","","ALL","1995","30.9"
"AZE","","ALL","1996","38.1"
"AZE","","ALL","1997","46.26"
"AZE","","ALL","1998","54.52"
"AZE","","ALL","1999","56.17"
"AZE","","ALL","2000","85.82"
"AZE","","ALL","2001","67.56"
"AZE","","ALL","2002","72.48"
"AZE","","ALL","2003","76.17"
"AZE","","ALL","2004","67.3"
"AZE","","ALL","2005","66.97"
"AZE","","ALL","2006","69.56"
"AZE","","ALL","2007","70.96"
"AZE","","ALL","2008","58.7"
"AZE","","ALL","2009","64.3"
"AZE","","ALL","2010","55.05"
"AZE","","ALL","2011","55.7"
"AZE","","ALL","2012","53.23"
"AZE","","ALL","2013","52.08"
"AZE","","ALL","2014","44.4"
"AZE","","ALL","2015","52.93"
"AZE","","ALL","2016","39.14"
"AZE","","ALL","2017","52.63"
"BEL","","ALL","2004","629.78"
"BGR","","ALL","1980","41.72"
"BGR","","ALL","1981","46.51"
"BGR","","ALL","1982","49.51"
"BGR","","ALL","1983","52.34"
"BGR","","ALL","1984","51.58"
"BGR","","ALL","1985","44.99"
"BGR","","ALL","1986","64.25"
"BGR","","ALL","1987","51.24"
"BGR","","ALL","1988","47.68"
"BGR","","ALL","1989","47.36"
"BGR","","ALL","1990","32.56"
"BGR","","ALL","1991","29.44"
"BGR","","ALL","1992","33.68"
"BGR","","ALL","1993","37.48"
"BGR","","ALL","1994","37.12"
"BGR","","ALL","1995","33.45"
"BGR","","ALL","1996","31.76"
"BGR","","ALL","1997","31.48"
"BGR","","ALL","1998","32.42"
"BGR","","ALL","1999","30.53"
"BGR","","ALL","2000","31.85"
"BGR","","ALL","2001","37.59"
"BGR","","ALL","2002","44.05"
"BGR","","ALL","2003","54.12"
"BGR","","ALL","2004","39.42"
"BGR","","ALL","2005","12.75"
"BGR","","ALL","2006","9.95"
"BGR","","ALL","2007","7.94"
"BGR","","ALL","2008","12.09"
"BGR","","ALL","2009","11.18"
"BGR","","ALL","2010","8.89"
"BGR","","ALL","2011","10.19"
"BGR","","ALL","2012","7.45"
"BGR","","ALL","2013","12.25"
"BGR","","ALL","2014","14.97"
"BGR","","ALL","2015","10.43"
"BGR","","ALL","2016","14.74"
"BGR","","ALL","2017","19.08"
"BGR","","ALL","2018","14.29"
"BGR","","ALL","2019","13.65"
"BLR","","ALL","1993","100.15"
"BLR","","ALL","1994","113.62"
"BLR","","ALL","1995","115"
"BLR","","ALL","1996","114.88"
"BLR","","ALL","1997","117.77"
"BLR","","ALL","1998","118.25"
"BLR","","ALL","1999","117.75"
"BLR","","ALL","2000","108.78"
"BLR","","ALL","2001","113.8"
"BLR","","ALL","2002","127.72"
"BLR","","ALL","2003","127.65"
"BLR","","ALL","2004","145.3"
"BLR","","ALL","2005","160.71"
"BLR","","ALL","2006","189.05"
"BLR","","ALL","2007","192.21"
"BLR","","ALL","2008","717.11"
"BLR","","ALL","2009","773.23"
"BLR","","ALL","2010","775.11"
"BLR","","ALL","2011","776.37"
"BLR","","ALL","2012","784.28"
"BLR","","ALL","2013","782.34"
"BLR","","ALL","2014","783.98"
"BLR","","ALL","2015","734.35"
"BLR","","ALL","2016","752.6"
"BLR","","ALL","2017","758.22"
"BLR","","ALL","2018","733.77"
"BLR","","ALL","2019","757.91"
"","CARINFONET","ALL","1990","160.79"
"","CARINFONET","ALL","1991","156.29"
"","CARINFONET","ALL","1992","141.71"
"","CARINFONET","ALL","1993","131.47"
"","CARINFONET","ALL","1994","125.51"
"","CARINFONET","ALL","1995","126.15"
"","CARINFONET","ALL","1996","177.92"
"","CARINFONET","ALL","1997","183.99"
"","CARINFONET","ALL","1998","207.81"
"","CARINFONET","ALL","1999","211.27"
"","CARINFONET","ALL","2000","230.31"
"","CARINFONET","ALL","2001","248.83"
"","CARINFONET","ALL","2002","258.23"
"","CARINFONET","ALL","2003","247.76"
"","CARINFONET","ALL","2004","235.26"
"","CARINFONET","ALL","2005","234.3"
"","CARINFONET","ALL","2006","221.93"
"","CARINFONET","ALL","2007","214.14"
"","CARINFONET","ALL","2008","219.81"
"","CARINFONET","ALL","2009","207.64"
"","CARINFONET","ALL","2010","195.77"
"","CARINFONET","ALL","2011","190.92"
"","CARINFONET","ALL","2012","180.13"
"","CARINFONET","ALL","2013","169.19"
"","CARINFONET","ALL","2014","149.07"
"","CARINFONET","ALL","2015","144.48"
"","CARINFONET","ALL","2016","123.49"
"","CARINFONET","ALL","2017","109.26"
"","CARINFONET","ALL","2018","104.78"
"","CARINFONET","ALL","2019","98.68"
"","CIS","ALL","1985","216.92"
"","CIS","ALL","1986","225.58"
"","CIS","ALL","1987","218.15"
"","CIS","ALL","1988","166"
"","CIS","ALL","1989","244.87"
"","CIS","ALL","1990","295.28"
"","CIS","ALL","1991","278.96"
"","CIS","ALL","1992","285.85"
"","CIS","ALL","1993","314.46"
"","CIS","ALL","1994","315.43"
"","CIS","ALL","1995","324.04"
"","CIS","ALL","1996","337.96"
"","CIS","ALL","1997","347.03"
"","CIS","ALL","1998","364.38"
"","CIS","ALL","1999","355.03"
"","CIS","ALL","2000","367.86"
"","CIS","ALL","2001","375.66"
"","CIS","ALL","2002","382.32"
"","CIS","ALL","2003","375.04"
"","CIS","ALL","2004","381.27"
"","CIS","ALL","2005","377.26"
"","CIS","ALL","2006","368.11"
"","CIS","ALL","2007","359.17"
"","CIS","ALL","2008","378.16"
"","CIS","ALL","2009","370.61"
"","CIS","ALL","2010","360.6"
"","CIS","ALL","2011","347.55"
"","CIS","ALL","2012","337.2"
"","CIS","ALL","2013","326.02"
"","CIS","ALL","2014","301.54"
"","CIS","ALL","2015","290.46"
"","CIS","ALL","2016","283.18"
"","CIS","ALL","2017","271.83"
"","CIS","ALL","2018","273.07"
"","CIS","ALL","2019","278.55"
"CZE","","ALL","1993","550.43"
"CZE","","ALL","1994","748.98"
"CZE","","ALL","1995","767.39"
"CZE","","ALL","1996","921.19"
"CZE","","ALL","1997","923.09"
"CZE","","ALL","1998","842.26"
"CZE","","ALL","1999","918.65"
"CZE","","ALL","2000","992.1"
"CZE","","ALL","2001","992.78"
"CZE","","ALL","2002","1076.14"
"CZE","","ALL","2003","1077.03"
"CZE","","ALL","2004","1099.13"
"CZE","","ALL","2005","1158.26"
"CZE","","ALL","2006","1089.15"
"CZE","","ALL","2007","1093.51"
"CZE","","ALL","2008","1007.72"
"CZE","","ALL","2009","1010.97"
"CZE","","ALL","2010","1093.63"
"CZE","","ALL","2011","1247.98"
"CZE","","ALL","2012","1231.81"
"CZE","","ALL","2013","1196.03"
"CZE","","ALL","2015","1115.26"
"CZE","","ALL","2016","1128.61"
"CZE","","ALL","2017","1203.08"
"CZE","","ALL","2018","1135.83"
"CZE","","ALL","2019","1119.03"
"DEU","","ALL","1994","892.83"
"DEU","","ALL","1995","936.66"
"DEU","","ALL","1996","949.03"
"DEU","","ALL","1997","980.42"
"DEU","","ALL","1998","1021.84"
"DEU","","ALL","1999","1036.06"
"DEU","","ALL","2000","1058.96"
"DEU","","ALL","2001","1131.32"
"DEU","","ALL","2002","1137.96"
"DEU","","ALL","2003","1344.86"
"DEU","","ALL","2004","1365.11"
"DEU","","ALL","2005","1404.86"
"DEU","","ALL","2006","1415.82"
"DEU","","ALL","2007","1479.06"
"DEU","","ALL","2008","1540.83"
"DEU","","ALL","2009","1576.49"
"DEU","","ALL","2010","1596.72"
"DEU","","ALL","2011","1634.31"
"DEU","","ALL","2012","1691.18"
"DEU","","ALL","2013","1724.75"
"DEU","","ALL","2014","1742.69"
"DEU","","ALL","2015","1740.16"
"DEU","","ALL","2016","1726.63"
"DEU","","ALL","2017","1717.36"
"DEU","","ALL","2018","1701.41"
"DEU","","ALL","2019","1697.69"
"DNK","","ALL","1985","194.38"
"DNK","","ALL","1986","180.29"
"DNK","","ALL","1987","167.43"
"DNK","","ALL","1988","164.25"
"DNK","","ALL","1989","143.51"
"DNK","","ALL","1990","143.02"
"DNK","","ALL","1991","145.11"
"DNK","","ALL","1992","156.45"
"DNK","","ALL","1993","169.6"
"DNK","","ALL","1994","244.65"
"DNK","","ALL","1995","422.72"
"DNK","","ALL","1996","406.99"
"DNK","","ALL","1997","407.04"
"DNK","","ALL","1998","417.93"
"DNK","","ALL","1999","427.25"
"DNK","","ALL","2000","428.6"
"DNK","","ALL","2001","400.24"
"DNK","","ALL","2002","447.52"
"DNK","","ALL","2003","462.73"
"DNK","","ALL","2004","471.93"
"DNK","","ALL","2005","475.21"
"DNK","","ALL","2006","483.57"
"DNK","","ALL","2007","493.29"
"DNK","","ALL","2008","484.11"
"DNK","","ALL","2009","512.9"
"DNK","","ALL","2010","519.24"
"DNK","","ALL","2011","523.94"
"DNK","","ALL","2012","543.63"
"DNK","","ALL","2013","590.72"
"EST","","ALL","1980","331.03"
"EST","","ALL","1981","375.49"
"EST","","ALL","1982","357.04"
"EST","","ALL","1983","353.94"
"EST","","ALL","1984","427.63"
"EST","","ALL","1985","463.38"
"EST","","ALL","1986","404.69"
"EST","","ALL","1987","336.49"
"EST","","ALL","1988","231.51"
"EST","","ALL","1989","284.73"
"EST","","ALL","1990","189.27"
"EST","","ALL","1991","817"
"EST","","ALL","1992","769.69"
"EST","","ALL","1993","879.98"
"EST","","ALL","1994","1053.73"
"EST","","ALL","1995","1118.87"
"EST","","ALL","1996","1246.19"
"EST","","ALL","1997","1332.66"
"EST","","ALL","1998","1518.52"
"EST","","ALL","1999","1608.11"
"EST","","ALL","2000","1864.87"
"EST","","ALL","2001","1876"
"EST","","ALL","2002","1828.69"
"EST","","ALL","2003","1942.63"
"EST","","ALL","2004","2000"
"EST","","ALL","2005","1888.51"
"EST","","ALL","2006","2119.3"
"EST","","ALL","2007","2089.54"
"EST","","ALL","2008","2197.46"
"EST","","ALL","2009","1784.17"
"EST","","ALL","2010","1995.76"
"EST","","ALL","2011","2034.44"
"EST","","ALL","2012","2031"
"EST","","ALL","2013","2066.85"
"EST","","ALL","2014","1866.81"
"EST","","ALL","2015","1909.17"
"EST","","ALL","2016","1965.62"
"EST","","ALL","2017","1745.81"
"EST","","ALL","2018","1684.9"
"EST","","ALL","2019","1788.23"
"","EU_AFTER_MAY2004","ALL","1992","581.59"
"","EU_AFTER_MAY2004","ALL","1993","578.57"
"","EU_AFTER_MAY2004","ALL","1994","608.55"
"","EU_AFTER_MAY2004","ALL","1995","613.56"
"","EU_AFTER_MAY2004","ALL","1996","614.02"
"","EU_AFTER_MAY2004","ALL","1997","622.57"
"","EU_AFTER_MAY2004","ALL","1998","614.04"
"","EU_AFTER_MAY2004","ALL","1999","594.24"
"","EU_AFTER_MAY2004","ALL","2000","636.22"
"","EU_AFTER_MAY2004","ALL","2001","711.4"
"","EU_AFTER_MAY2004","ALL","2002","777.41"
"","EU_AFTER_MAY2004","ALL","2003","767.43"
"","EU_AFTER_MAY2004","ALL","2004","816.11"
"","EU_AFTER_MAY2004","ALL","2005","801.22"
"","EU_AFTER_MAY2004","ALL","2006","789.02"
"","EU_AFTER_MAY2004","ALL","2007","821.01"
"","EU_AFTER_MAY2004","ALL","2008","852.24"
"","EU_AFTER_MAY2004","ALL","2009","843.95"
"","EU_AFTER_MAY2004","ALL","2010","888.96"
"","EU_AFTER_MAY2004","ALL","2011","927.12"
"","EU_AFTER_MAY2004","ALL","2012","905.35"
"","EU_AFTER_MAY2004","ALL","2013","846.32"
"","EU_AFTER_MAY2004","ALL","2014","943.27"
"","EU_AFTER_MAY2004","ALL","2015","980.28"
"","EU_AFTER_MAY2004","ALL","2016","969.21"
"","EU_AFTER_MAY2004","ALL","2017","927.92"
"","EU_AFTER_MAY2004","ALL","2018","916.66"
"","EU_AFTER_MAY2004","ALL","2019","949.83"
"FIN","","ALL","1986","93.1"
"FIN","","ALL","1987","86.21"
"FIN","","ALL","1988","87.13"
"FIN","","ALL","1989","89.11"
"FIN","","ALL","1990","96.04"
"FIN","","ALL","1991","112.49"
"FIN","","ALL","1992","124.59"
"FIN","","ALL","1993","141.68"
"FIN","","ALL","1994","81.28"
"FIN","","ALL","1995","88.28"
"FIN","","ALL","1996","82.39"
"FIN","","ALL","1997","82.77"
"FIN","","ALL","1998","79.25"
"FIN","","ALL","1999","72.27"
"FIN","","ALL","2000","87.3"
"FIN","","ALL","2001","91.46"
"FIN","","ALL","2002","95.68"
"FIN","","ALL","2003","101.13"
"FIN","","ALL","2004","112.74"
"FIN","","ALL","2005","128.44"
"FIN","","ALL","2006","115.17"
"FIN","","ALL","2007","104.88"
"FIN","","ALL","2008","99.86"
"FIN","","ALL","2009","96.44"
"FIN","","ALL","2010","84.2"
"FIN","","ALL","2011","83.63"
"FIN","","ALL","2012","78.67"
"FIN","","ALL","2013","72.57"
"FIN","","ALL","2014","69.95"
"FIN","","ALL","2015","68.05"
"FIN","","ALL","2016","61.13"
"FIN","","ALL","2017","61.97"
"FIN","","ALL","2018","58.38"
"FIN","","ALL","2019","57.8"
"FIN","","ALL","2020","57.37"
"GEO","","ALL","1990","94.27"
"GEO","","ALL","1991","97.05"
"GEO","","ALL","1992","42.28"
"GEO","","ALL","1993","46.11"
"GEO","","ALL","1994","50.88"
"GEO","","ALL","1995","61.93"
"GEO","","ALL","1996","31.6"
"GEO","","ALL","1997","40.16"
"GEO","","ALL","1998","52.21"
"GEO","","ALL","1999","42.45"
"GEO","","ALL","2000","41.12"
"GEO","","ALL","2001","39.69"
"GEO","","ALL","2002","39.66"
"GEO","","ALL","2003","38"
"GEO","","ALL","2004","74.24"
"GEO","","ALL","2005","91.12"
"GEO","","ALL","2006","86.63"
"GEO","","ALL","2007","61"
"GEO","","ALL","2008","85.32"
"GEO","","ALL","2009","56.79"
"GEO","","ALL","2010","52.34"
"GEO","","ALL","2011","41.71"
"GEO","","ALL","2012","90.74"
"GEO","","ALL","2013","67.3"
"GEO","","ALL","2014","96.49"
"GEO","","ALL","2015","113.47"
"GEO","","ALL","2016","140.27"
"GEO","","ALL","2017","129.86"
"GEO","","ALL","2018","130.39"
"GEO","","ALL","2019","142.04"
"HRV","","ALL","1980","21.09"
"HRV","","ALL","1981","23.99"
"HRV","","ALL","1982","24.3"
"HRV","","ALL","1983","22.92"
"HRV","","ALL","1984","23.04"
"HRV","","ALL","1985","19.42"
"HRV","","ALL","1986","20.18"
"HRV","","ALL","1987","21.35"
"HRV","","ALL","1988","19.53"
"HRV","","ALL","1989","16.24"
"HRV","","ALL","1990","15.32"
"HRV","","ALL","1991","16.4"
"HRV","","ALL","1992","16.31"
"HRV","","ALL","1993","15.34"
"HRV","","ALL","1994","12.56"
"HUN","","ALL","1990","440.72"
"HUN","","ALL","1991","423.27"
"HUN","","ALL","1992","452.07"
"HUN","","ALL","1993","431.96"
"HUN","","ALL","1994","457.9"
"HUN","","ALL","1995","420.03"
"HUN","","ALL","1997","434.56"
"HUN","","ALL","1998","439.08"
"HUN","","ALL","1999","415.63"
"HUN","","ALL","2000","414.24"
"HUN","","ALL","2001","395.98"
"HUN","","ALL","2002","415.94"
"HUN","","ALL","2003","391.06"
"HUN","","ALL","2004","387.6"
"HUN","","ALL","2005","392.65"
"HUN","","ALL","2006","369.46"
"HUN","","ALL","2007","371.69"
"HUN","","ALL","2008","343.58"
"HUN","","ALL","2009","277.49"
"HUN","","ALL","2010","276.81"
"HUN","","ALL","2011","226.75"
"HUN","","ALL","2012","209.15"
"HUN","","ALL","2013","212.19"
"HUN","","ALL","2014","236.86"
"HUN","","ALL","2015","214.02"
"HUN","","ALL","2016","258.56"
"HUN","","ALL","2017","260.4"
"HUN","","ALL","2018","155.55"
"HUN","","ALL","2019","159.15"
"ISR","","ALL","1980","87.68"
"ISR","","ALL","1981","88.49"
"ISR","","ALL","1982","81.7"
"ISR","","ALL","1983","78.39"
"ISR","","ALL","1984","77.18"
"ISR","","ALL","1985","71.87"
"ISR","","ALL","1986","64.48"
"ISR","","ALL","1987","66.49"
"ISR","","ALL","1988","63.67"
"ISR","","ALL","1989","68.88"
"ISR","","ALL","1990","69.12"
"ISR","","ALL","1991","69.83"
"ISR","","ALL","1992","67.63"
"ISR","","ALL","1993","68.88"
"ISR","","ALL","1994","68.05"
"ISR","","ALL","1995","74.32"
"ISR","","ALL","1996","72.1"
"ISR","","ALL","1997","90.57"
"ISR","","ALL","1998","79.27"
"ISR","","ALL","1999","80.8"
"ISR","","ALL","2000","79.88"
"ISR","","ALL","2001","75.38"
"ISR","","ALL","2002","75.97"
"ISR","","ALL","2003","75.59"
"ISR","","ALL","2004","79.7"
"ISR","","ALL","2005","82.15"
"ISR","","ALL","2006","70.83"
"ISR","","ALL","2007","71.41"
"ISR","","ALL","2008","70.12"
"ISR","","ALL","2009","66.82"
"ISR","","ALL","2010","66.64"
"ISR","","ALL","2011","65.61"
"ISR","","ALL","2012","69.58"
"ISR","","ALL","2013","67.87"
"ISR","","ALL","2014","70.11"
"ISR","","ALL","2015","69.7"
"ISR","","ALL","2016","71.69"
"ISR","","ALL","2017","71.39"
"ISR","","ALL","2018","71.42"
"ISR","","ALL","2019","74.88"
"ISR","","ALL","2020","72.86"
"ITA","","ALL","1985","38.88"
"ITA","","ALL","1986","39.49"
"ITA","","ALL","1987","32.88"
"ITA","","ALL","1988","39.51"
"ITA","","ALL","1989","42.03"
"ITA","","ALL","1990","45.61"
"ITA","","ALL","1991","48.32"
"ITA","","ALL","1992","51.36"
"ITA","","ALL","1993","53.73"
"ITA","","ALL","1994","56.41"
"ITA","","ALL","1995","57.54"
"ITA","","ALL","2015","549.53"
"ITA","","ALL","2016","517.47"
"ITA","","ALL","2017","508.47"
"ITA","","ALL","2018","500.47"
"ITA","","ALL","2019","482.76"
"KAZ","","ALL","1980","293.37"
"KAZ","","ALL","1981","309.05"
"KAZ","","ALL","1982","330.13"
"KAZ","","ALL","1983","334.55"
"KAZ","","ALL","1984","341.7"
"KAZ","","ALL","1985","351.81"
"KAZ","","ALL","1986","371.35"
"KAZ","","ALL","1987","381.75"
"KAZ","","ALL","1988","335.35"
"KAZ","","ALL","1989","336.6"
"KAZ","","ALL","1990","273.6"
"KAZ","","ALL","1991","258.49"
"KAZ","","ALL","1992","232.38"
"KAZ","","ALL","1993","218.01"
"KAZ","","ALL","1994","233.28"
"KAZ","","ALL","1995","235.94"
"KAZ","","ALL","1996","413.97"
"KAZ","","ALL","1997","444.42"
"KAZ","","ALL","1998","447.99"
"KAZ","","ALL","1999","427.19"
"KAZ","","ALL","2000","475.97"
"KAZ","","ALL","2001","528.12"
"KAZ","","ALL","2002","600.67"
"KAZ","","ALL","2003","601.56"
"KAZ","","ALL","2004","579.24"
"KAZ","","ALL","2005","589.49"
"KAZ","","ALL","2006","542.49"
"KAZ","","ALL","2007","519.98"
"KAZ","","ALL","2008","546.21"
"KAZ","","ALL","2009","504.82"
"KAZ","","ALL","2010","472.89"
"KAZ","","ALL","2011","445.53"
"KAZ","","ALL","2012","413.08"
"KAZ","","ALL","2013","368.66"
"KAZ","","ALL","2014","299"
"KAZ","","ALL","2015","295"
"KAZ","","ALL","2016","216.6"
"KAZ","","ALL","2017","162.89"
"KAZ","","ALL","2018","160.13"
"KAZ","","ALL","2019","139.03"
"KGZ","","ALL","1981","67.45"
"KGZ","","ALL","1982","67.14"
"KGZ","","ALL","1983","157.92"
"KGZ","","ALL","1984","153.86"
"KGZ","","ALL","1985","150.04"
"KGZ","","ALL","1986","166.87"
"KGZ","","ALL","1987","144.24"
"KGZ","","ALL","1988","483.09"
"KGZ","","ALL","1989","367.29"
"KGZ","","ALL","1990","150.18"
"KGZ","","ALL","1991","182.53"
"KGZ","","ALL","1992","170.52"
"KGZ","","ALL","1993","155.7"
"KGZ","","ALL","1994","129.65"
"KGZ","","ALL","1995","132.52"
"KGZ","","ALL","1996","132.22"
"KGZ","","ALL","1997","135.78"
"KGZ","","ALL","1998","134.99"
"KGZ","","ALL","1999","139.89"
"KGZ","","ALL","2000","132.28"
"KGZ","","ALL","2001","137.14"
"KGZ","","ALL","2002","142.2"
"KGZ","","ALL","2003","122.85"
"KGZ","","ALL","2004","130.33"
"KGZ","","ALL","2005","124.97"
"KGZ","","ALL","2006","122.01"
"KGZ","","ALL","2007","122.2"
"KGZ","","ALL","2008","119.48"
"KGZ","","ALL","2009","111.77"
"KGZ","","ALL","2010","105.2"
"KGZ","","ALL","2011","190.25"
"KGZ","","ALL","2012","181.44"
"KGZ","","ALL","2013","149.93"
"KGZ","","ALL","2014","143.51"
"KGZ","","ALL","2015","160.98"
"KGZ","","ALL","2016","171.63"
"KGZ","","ALL","2017","187.5"
"KGZ","","ALL","2018","170.47"
"KGZ","","ALL","2019","167.46"
"LTU","","ALL","1975","402.1"
"LTU","","ALL","1979","449.45"
"LTU","","ALL","1980","450.63"
"LTU","","ALL","1981","460.39"
"LTU","","ALL","1982","446.52"
"LTU","","ALL","1983","384.19"
"LTU","","ALL","1984","383.51"
"LTU","","ALL","1985","397.26"
"LTU","","ALL","1986","449.38"
"LTU","","ALL","1987","402.89"
"LTU","","ALL","1990","463.6"
"LTU","","ALL","1991","402.25"
"LTU","","ALL","1992","380.93"
"LTU","","ALL","1993","361.24"
"LTU","","ALL","1994","468.95"
"LTU","","ALL","1995","493.32"
"LTU","","ALL","1996","455.3"
"LTU","","ALL","1998","475.7"
"LTU","","ALL","1999","360.79"
"LTU","","ALL","2000","340.99"
"LTU","","ALL","2001","318.02"
"LTU","","ALL","2002","271.91"
"LTU","","ALL","2003","263.64"
"LTU","","ALL","2004","271.45"
"LTU","","ALL","2005","262.48"
"LTU","","ALL","2006","261.23"
"LTU","","ALL","2007","261.32"
"LTU","","ALL","2008","271.96"
"LTU","","ALL","2009","282.08"
"LTU","","ALL","2010","285.22"
"LTU","","ALL","2011","310.66"
"LTU","","ALL","2012","318.3"
"LTU","","ALL","2013","313.22"
"LTU","","ALL","2014","3212.29"
"LTU","","ALL","2015","3109.85"
"LTU","","ALL","2016","3072.21"
"LTU","","ALL","2017","3376.78"
"LTU","","ALL","2018","3637.07"
"LTU","","ALL","2019","3495.65"
"LTU","","ALL","2020","3136.87"
"LVA","","ALL","1988","621.68"
"LVA","","ALL","1989","526.82"
"LVA","","ALL","1990","508.95"
"LVA","","ALL","1991","429.57"
"LVA","","ALL","1992","548.25"
"LVA","","ALL","1993","503.38"
"LVA","","ALL","1994","597.8"
"LVA","","ALL","1995","588.6"
"LVA","","ALL","1996","545.66"
"LVA","","ALL","1997","551.74"
"LVA","","ALL","1998","457.34"
"LVA","","ALL","1999","503.16"
"LVA","","ALL","2000","484.76"
"LVA","","ALL","2001","446.48"
"LVA","","ALL","2002","407.55"
"LVA","","ALL","2003","405.43"
"LVA","","ALL","2004","443.28"
"LVA","","ALL","2005","430.41"
"LVA","","ALL","2006","466.29"
"LVA","","ALL","2007","454.71"
"LVA","","ALL","2008","434.02"
"LVA","","ALL","2009","382.27"
"LVA","","ALL","2010","450.14"
"LVA","","ALL","2011","502.94"
"LVA","","ALL","2012","486.35"
"LVA","","ALL","2013","491.34"
"LVA","","ALL","2014","433.91"
"LVA","","ALL","2015","411.87"
"LVA","","ALL","2016","478.13"
"LVA","","ALL","2017","449.74"
"LVA","","ALL","2018","299.92"
"LVA","","ALL","2019","373.97"
"MDA","","ALL","1980","484.09"
"MDA","","ALL","1981","472.07"
"MDA","","ALL","1982","487.02"
"MDA","","ALL","1983","559.86"
"MDA","","ALL","1984","549.3"
"MDA","","ALL","1985","596.26"
"MDA","","ALL","1986","609.53"
"MDA","","ALL","1987","574.84"
"MDA","","ALL","1988","366.03"
"MDA","","ALL","1989","394.74"
"MDA","","ALL","1990","350.02"
"MDA","","ALL","1991","359.14"
"MDA","","ALL","1992","273.21"
"MDA","","ALL","1993","381.8"
"MDA","","ALL","1994","511.79"
"MDA","","ALL","1995","518.97"
"MDA","","ALL","1996","542.58"
"MDA","","ALL","1997","613.21"
"MDA","","ALL","1998","652.09"
"MDA","","ALL","1999","470.63"
"MDA","","ALL","2000","515.58"
"MDA","","ALL","2001","423.55"
"MDA","","ALL","2002","478.21"
"MDA","","ALL","2003","568.63"
"MDA","","ALL","2004","452.39"
"MDA","","ALL","2005","500.22"
"MDA","","ALL","2006","552.16"
"MDA","","ALL","2007","547.04"
"MDA","","ALL","2008","544.1"
"MDA","","ALL","2009","587.33"
"MDA","","ALL","2010","576.13"
"MDA","","ALL","2011","538.01"
"MDA","","ALL","2012","499.17"
"MDA","","ALL","2013","501.16"
"MDA","","ALL","2014","500.84"
"MDA","","ALL","2015","242.18"
"MDA","","ALL","2016","249.5"
"MDA","","ALL","2017","278.82"
"MDA","","ALL","2018","252.35"
"MDA","","ALL","2019","249.16"
"MLT","","ALL","2008","104.78"
"MLT","","ALL","2009","103.75"
"MLT","","ALL","2010","96"
"MLT","","ALL","2011","110.01"
"MLT","","ALL","2012","113.23"
"MLT","","ALL","2013","83.6"
"MLT","","ALL","2014","114.19"
"MLT","","ALL","2015","100.8"
"MLT","","ALL","2016","122.49"
"MLT","","ALL","2017","113.23"
"MLT","","ALL","2018","132.46"
"MLT","","ALL","2019","99.99"
"POL","","ALL","2000","745.82"
"POL","","ALL","2001","868.2"
"POL","","ALL","2002","982.85"
"POL","","ALL","2003","974.3"
"POL","","ALL","2004","1046.32"
"POL","","ALL","2005","1028.53"
"POL","","ALL","2006","942.66"
"POL","","ALL","2007","930.31"
"POL","","ALL","2008","967.08"
"POL","","ALL","2009","1020.49"
"POL","","ALL","2010","1008.76"
"POL","","ALL","2011","1037.64"
"POL","","ALL","2012","984.34"
"POL","","ALL","2013","1038.74"
"POL","","ALL","2014","1009.21"
"POL","","ALL","2015","1119.2"
"POL","","ALL","2016","1059.61"
"POL","","ALL","2017","988.26"
"POL","","ALL","2018","1027.73"
"POL","","ALL","2019","1095.7"
"ROU","","ALL","1994","613.79"
"ROU","","ALL","1995","670.83"
"ROU","","ALL","1996","612.09"
"ROU","","ALL","1997","603.09"
"ROU","","ALL","1998","529.85"
"ROU","","ALL","1999","448.33"
"ROU","","ALL","2000","599.76"
"ROU","","ALL","2001","748.27"
"ROU","","ALL","2002","788.59"
"ROU","","ALL","2003","761.12"
"ROU","","ALL","2004","815.57"
"ROU","","ALL","2005","781.87"
"ROU","","ALL","2006","788.26"
"ROU","","ALL","2007","974.98"
"ROU","","ALL","2008","1121.64"
"ROU","","ALL","2009","1149.72"
"ROU","","ALL","2010","1349.19"
"ROU","","ALL","2011","1409.73"
"ROU","","ALL","2012","1407.49"
"ROU","","ALL","2013","1050.49"
"ROU","","ALL","2014","1200.3"
"ROU","","ALL","2015","1178.49"
"ROU","","ALL","2016","1201.91"
"ROU","","ALL","2017","1051.9"
"ROU","","ALL","2018","1000.08"
"ROU","","ALL","2019","1051.08"
"RUS","","ALL","1985","206.16"
"RUS","","ALL","1986","217.78"
"RUS","","ALL","1987","209.31"
"RUS","","ALL","1988","147.31"
"RUS","","ALL","1989","269.14"
"RUS","","ALL","1990","268.11"
"RUS","","ALL","1991","253.89"
"RUS","","ALL","1992","274.36"
"RUS","","ALL","1993","315.66"
"RUS","","ALL","1994","325.83"
"RUS","","ALL","1995","332.76"
"RUS","","ALL","1996","344.26"
"RUS","","ALL","1997","348.66"
"RUS","","ALL","1998","362.71"
"RUS","","ALL","1999","360.11"
"RUS","","ALL","2000","375.3"
"RUS","","ALL","2001","384.36"
"RUS","","ALL","2002","392.84"
"RUS","","ALL","2003","378.43"
"RUS","","ALL","2004","395.81"
"RUS","","ALL","2005","386.22"
"RUS","","ALL","2006","376.48"
"RUS","","ALL","2007","361.34"
"RUS","","ALL","2008","357.09"
"RUS","","ALL","2009","358.27"
"RUS","","ALL","2010","349.22"
"RUS","","ALL","2011","335.55"
"RUS","","ALL","2012","328.05"
"RUS","","ALL","2013","321.35"
"RUS","","ALL","2014","314.38"
"RUS","","ALL","2015","306.79"
"RUS","","ALL","2016","303.09"
"RUS","","ALL","2017","290.67"
"RUS","","ALL","2018","298.96"
"RUS","","ALL","2019","312.27"
"RUS","","ALL","2020","262.54"
"SMR","","ALL","2011","627.52"
"SMR","","ALL","2012","599.14"
"SMR","","ALL","2013","561.68"
"SMR","","ALL","2014","968.54"
"SMR","","ALL","2015","517.8"
"SMR","","ALL","2016","469.5"
"SMR","","ALL","2020","874.61"
"SVK","","ALL","1992","1095.23"
"SVK","","ALL","1993","1060.64"
"SVK","","ALL","1994","1064.94"
"SVK","","ALL","1995","933.41"
"SVK","","ALL","1996","859.23"
"SVK","","ALL","1997","1022.04"
"SVK","","ALL","1998","1274.93"
"SVK","","ALL","1999","1153.8"
"SVK","","ALL","2000","1152.13"
"SVK","","ALL","2001","1185.75"
"SVK","","ALL","2002","1355.04"
"SVK","","ALL","2003","1329.92"
"SVK","","ALL","2004","1490.57"
"SVK","","ALL","2005","1403.75"
"SVK","","ALL","2006","1841.71"
"SVK","","ALL","2007","1792.17"
"SVK","","ALL","2008","1724.37"
"SVK","","ALL","2009","1294.24"
"SVK","","ALL","2010","1201.17"
"SVK","","ALL","2011","1212.68"
"SVK","","ALL","2012","1198.61"
"SVK","","ALL","2013","1091.63"
"SVK","","ALL","2014","1186.92"
"SVK","","ALL","2015","1366.52"
"SVK","","ALL","2016","1365.34"
"SVK","","ALL","2017","1310.37"
"SVK","","ALL","2018","1292.07"
"TJK","","ALL","1990","153.59"
"TJK","","ALL","1991","133.25"
"TJK","","ALL","1994","26.22"
"TJK","","ALL","1995","22.13"
"TJK","","ALL","1996","18.03"
"TJK","","ALL","1997","17.23"
"TJK","","ALL","1998","17.78"
"TJK","","ALL","1999","20.55"
"TJK","","ALL","2000","18.95"
"TJK","","ALL","2001","22.21"
"TJK","","ALL","2002","21.64"
"TJK","","ALL","2003","20.84"
"TJK","","ALL","2004","19.94"
"TJK","","ALL","2005","20.34"
"TJK","","ALL","2006","24.62"
"TJK","","ALL","2007","22.75"
"TJK","","ALL","2008","22.91"
"TJK","","ALL","2009","23.3"
"TJK","","ALL","2010","24.15"
"TJK","","ALL","2011","27.73"
"TJK","","ALL","2012","26.45"
"TJK","","ALL","2013","30.45"
"TJK","","ALL","2014","31.17"
"TJK","","ALL","2015","20.48"
"TJK","","ALL","2016","20.11"
"TJK","","ALL","2017","19.46"
"TJK","","ALL","2018","18.83"
"TKM","","ALL","1991","71.54"
"TKM","","ALL","1992","70.42"
"TKM","","ALL","1993","63.84"
"TKM","","ALL","1994","60.47"
"TKM","","ALL","1995","51.68"
"TKM","","ALL","1996","44.52"
"TKM","","ALL","1997","43.63"
"TKM","","ALL","2000","291.72"
"TKM","","ALL","2001","311.75"
"TKM","","ALL","2002","264.91"
"TKM","","ALL","2003","205.96"
"TKM","","ALL","2004","119"
"TKM","","ALL","2005","107.14"
"TKM","","ALL","2006","86.18"
"TKM","","ALL","2007","72.46"
"TKM","","ALL","2008","68.54"
"TKM","","ALL","2009","60.92"
"TKM","","ALL","2010","37.56"
"TKM","","ALL","2011","36.24"
"TKM","","ALL","2012","26.78"
"TKM","","ALL","2013","42.75"
"TKM","","ALL","2014","39.42"
"TKM","","ALL","2015","36.23"
"TKM","","ALL","2016","34.66"
"TKM","","ALL","2017","40.82"
"TKM","","ALL","2018","43.45"
"TKM","","ALL","2019","41.11"
"TKM","","ALL","2020","44.33"
"UKR","","ALL","1980","257.58"
"UKR","","ALL","1981","261.08"
"UKR","","ALL","1982","267.52"
"UKR","","ALL","1983","276.1"
"UKR","","ALL","1984","272.84"
"UKR","","ALL","1985","293.15"
"UKR","","ALL","1986","297.52"
"UKR","","ALL","1987","285.75"
"UKR","","ALL","1988","194.37"
"UKR","","ALL","1989","271.66"
"UKR","","ALL","1990","584.17"
"UKR","","ALL","1991","548.66"
"UKR","","ALL","1992","551.1"
"UKR","","ALL","1993","586.91"
"UKR","","ALL","1994","563.39"
"UKR","","ALL","1995","593.65"
"UKR","","ALL","1996","579.7"
"UKR","","ALL","1997","609.96"
"UKR","","ALL","1998","637.93"
"UKR","","ALL","1999","605.58"
"UKR","","ALL","2000","609.09"
"UKR","","ALL","2001","618.4"
"UKR","","ALL","2002","617.83"
"UKR","","ALL","2003","627.28"
"UKR","","ALL","2004","635.55"
"UKR","","ALL","2005","638.88"
"UKR","","ALL","2006","624.3"
"UKR","","ALL","2007","632.98"
"UKR","","ALL","2008","649.53"
"UKR","","ALL","2009","606.15"
"UKR","","ALL","2010","598.69"
"UKR","","ALL","2011","579.32"
"UKR","","ALL","2012","559.86"
"UKR","","ALL","2013","534.34"
"UKR","","ALL","2014","438.8"
"UKR","","ALL","2015","433.87"
"UKR","","ALL","2016","435.84"
"UKR","","ALL","2017","424.26"
"UZB","","ALL","1993","88.82"
"UZB","","ALL","1994","80.11"
"UZB","","ALL","1995","85.94"
"UZB","","ALL","1996","90.4"
"UZB","","ALL","1997","88.17"
"UZB","","ALL","1998","133.98"
"UZB","","ALL","1999","140.88"
"UZB","","ALL","2000","143.51"
"UZB","","ALL","2001","149.74"
"UZB","","ALL","2002","138.75"
"UZB","","ALL","2003","132.23"
"UZB","","ALL","2004","134.39"
"UZB","","ALL","2005","130.09"
"UZB","","ALL","2006","130.34"
"UZB","","ALL","2007","132.74"
"UZB","","ALL","2008","132.23"
"UZB","","ALL","2009","132.25"
"UZB","","ALL","2010","127.77"
"UZB","","ALL","2011","117.23"
"UZB","","ALL","2012","115.86"
"UZB","","ALL","2013","119.6"
"UZB","","ALL","2014","114.74"
"UZB","","ALL","2015","107.5"
"UZB","","ALL","2016","104.45"
"UZB","","ALL","2017","100.6"
"UZB","","ALL","2018","94.8"
"UZB","","ALL","2019","93.73"
"","WHO_EURO","ALL","2011","653.78"
"","WHO_EURO","ALL","2012","655.4"
"","WHO_EURO","ALL","2013","643.71"
"","WHO_EURO","ALL","2015","656.65"
"","WHO_EURO","ALL","2016","645.02"

"Last update","2022.09.01 08:16:08 GMT"
"Description","Incidence of mental disorders per 100 000"
"Reference link","https://dw.euro.who.int/api/v3/measures/HFA_387?lang=En"

"Copyright"
"© WHO Regional Office for Europe 2022. All rights reserved.","https://www.who.int/about/policies/publishing/copyright"
